USE [bankdb]
INSERT INTO [city] ([id], [name]) VALUES
( '00000000-0000-0000-0000-000000000001', 'CityName_1' ),
( '00000000-0000-0000-0000-000000000002', 'CityName_2' ),
( '00000000-0000-0000-0000-000000000003', 'CityName_3' ),
( '00000000-0000-0000-0000-000000000004', 'CityName_4' ),
( '00000000-0000-0000-0000-000000000005', 'CityName_5' )

INSERT INTO [bank] ([id], [name]) VALUES
( '00000000-0000-0000-0000-000000000011', 'BankName_1' ),
( '00000000-0000-0000-0000-000000000012', 'BankName_2' ),
( '00000000-0000-0000-0000-000000000013', 'BankName_3' ),
( '00000000-0000-0000-0000-000000000014', 'BankName_4' ),
( '00000000-0000-0000-0000-000000000015', 'BankName_5' )

INSERT INTO [branch] ([id], [bankId], [cityId], [name]) VALUES
(
    '00000000-0000-0000-0000-000000000021',
	'00000000-0000-0000-0000-000000000011',
	'00000000-0000-0000-0000-000000000001',
	'BranchName_11'
),
(
    '00000000-0000-0000-0000-000000000022',
	'00000000-0000-0000-0000-000000000011',
	'00000000-0000-0000-0000-000000000002',
	'BranchName_12'
),
(
    '00000000-0000-0000-0000-000000000023',
	'00000000-0000-0000-0000-000000000012',
	'00000000-0000-0000-0000-000000000002',
	'BranchName_21'
),
(
    '00000000-0000-0000-0000-000000000024',
	'00000000-0000-0000-0000-000000000012',
	'00000000-0000-0000-0000-000000000003',
	'BranchName_22'
),
(
    '00000000-0000-0000-0000-000000000025',
	'00000000-0000-0000-0000-000000000013',
	'00000000-0000-0000-0000-000000000003',
	'BranchName_31'
),
(
    '00000000-0000-0000-0000-000000000026',
	'00000000-0000-0000-0000-000000000013',
	'00000000-0000-0000-0000-000000000004',
	'BranchName_32'
),
(
    '00000000-0000-0000-0000-000000000027',
	'00000000-0000-0000-0000-000000000014',
	'00000000-0000-0000-0000-000000000004',
	'BranchName_41'
),
(
    '00000000-0000-0000-0000-000000000028',
	'00000000-0000-0000-0000-000000000014',
	'00000000-0000-0000-0000-000000000005',
	'BranchName_42'
),
(
    '00000000-0000-0000-0000-000000000029',
	'00000000-0000-0000-0000-000000000015',
	'00000000-0000-0000-0000-000000000005',
	'BranchName_51'
),
(
    '00000000-0000-0000-0000-000000000030',
	'00000000-0000-0000-0000-000000000015',
	'00000000-0000-0000-0000-000000000001',
	'BranchName_52'
)

INSERT INTO [status] ([id], [name]) VALUES
( '00000000-0000-0000-0000-000000000031', 'StatusName_1'),
( '00000000-0000-0000-0000-000000000032', 'StatusName_2'),
( '00000000-0000-0000-0000-000000000033', 'StatusName_3'),
( '00000000-0000-0000-0000-000000000034', 'StatusName_4'),
( '00000000-0000-0000-0000-000000000035', 'StatusName_5')

INSERT INTO [client] ([id], [statusId], [name], [surname]) VALUES
(
    '00000000-0000-0000-0000-000000000041', 
	'00000000-0000-0000-0000-000000000031',
	'ClientName_1',
	'ClientSurname_1'
),
(
    '00000000-0000-0000-0000-000000000042', 
	'00000000-0000-0000-0000-000000000032',
	'ClientName_2',
	'ClientSurname_2'
),
(
    '00000000-0000-0000-0000-000000000043', 
	'00000000-0000-0000-0000-000000000033',
	'ClientName_3',
	'ClientSurname_3'
),
(
    '00000000-0000-0000-0000-000000000044', 
	'00000000-0000-0000-0000-000000000034',
	'ClientName_4',
	'ClientSurname_4'
),
(
    '00000000-0000-0000-0000-000000000045', 
	'00000000-0000-0000-0000-000000000035',
	'ClientName_5',
	'ClientSurname_5'
)

INSERT INTO [account] ([id], [clientId], [bankId], [totalBalance]) VALUES
(
    '00000000-0000-0000-0000-000000000051',
	'00000000-0000-0000-0000-000000000041',
	'00000000-0000-0000-0000-000000000011',
	'100'
),
(
    '00000000-0000-0000-0000-000000000052',
	'00000000-0000-0000-0000-000000000042',
	'00000000-0000-0000-0000-000000000012',
	'100'
),
(
    '00000000-0000-0000-0000-000000000053',
	'00000000-0000-0000-0000-000000000043',
	'00000000-0000-0000-0000-000000000013',
	'100'
),
(
    '00000000-0000-0000-0000-000000000054',
	'00000000-0000-0000-0000-000000000044',
	'00000000-0000-0000-0000-000000000014',
	'100'
),
(
    '00000000-0000-0000-0000-000000000055',
	'00000000-0000-0000-0000-000000000045',
	'00000000-0000-0000-0000-000000000015',
	'100'
),
(
    '00000000-0000-0000-0000-000000000056',
	'00000000-0000-0000-0000-000000000045',
	'00000000-0000-0000-0000-000000000012',
	'100'
)

INSERT INTO [card] ([id], [accountId], [balance]) VALUES
(
    '00000000-0000-0000-0000-000000000061',
	'00000000-0000-0000-0000-000000000051',
	'100'
),
(
    '00000000-0000-0000-0000-000000000062',
	'00000000-0000-0000-0000-000000000052',
	'100'
),
(
    '00000000-0000-0000-0000-000000000063',
	'00000000-0000-0000-0000-000000000053',
	'100'
),
(
    '00000000-0000-0000-0000-000000000064',
	'00000000-0000-0000-0000-000000000054',
	'100'
),
(
    '00000000-0000-0000-0000-000000000065',
	'00000000-0000-0000-0000-000000000054',
	'100'
)